{"cameraMode":{"drawMode":0,"name":"Shaded","section":"Shading Mode"},"sceneLighting":true,"audioPlay":false,"sceneViewState":{"m_AlwaysRefresh":false,"showFog":true,"showSkybox":true,"showFlares":true,"showImageEffects":true,"showParticleSystems":true,"showVisualEffectGraphs":true,"m_FxEnabled":true},"in2DMode":false,"pivot":{"x":0.36614036560058596,"y":14.35354232788086,"z":-4.4014739990234379},"rotation":{"x":-0.02497831918299198,"y":0.25128939747810366,"z":-0.00648691039532423,"w":-0.9675677418708801},"size":20.533172607421876,"orthographic":false}